id,defectType
CDEF10,Quality defect
CDEF13,Quality defect
CDEF16,Quality defect
CDEF29,Quality defect
CDEF38,Quality defect
CDEF40,Quality defect
CDEF41,Quality defect
CDEF43,Quality defect
CDEF44,Quality defect
CDEF45,Quality defect
CDEF47,Quality defect
CDEF59,Permit-related issue
CDEF67,Permit-related issue
CDEF128,Quality defect
CDEF131,Quality defect
CDEF137,Quality defect
CDEF138,Quality defect
CDEF143,Quality defect
CDEF147,Quality defect
CDEF149,Quality defect
CDEF150,Quality defect
CDEF151,Quality defect
CDEF152,Quality defect
CDEF153,Quality defect
CDEF157,Quality defect
CDEF158,Quality defect
CDEF159,Quality defect
CDEF163,Quality defect
CDEF165,Quality defect
CDEF166,Quality defect
CDEF168,Quality defect
CDEF169,Quality defect
CDEF170,Quality defect
CDEF171,Quality defect
CDEF173,Quality defect
CDEF174,Quality defect
CDEF175,Quality defect
CDEF176,Quality defect
CDEF177,Quality defect
CDEF178,Quality defect
CDEF179,Quality defect
CDEF180,Quality defect
CDEF181,Quality defect
CDEF182,Quality defect
CDEF197,Quality defect
CDEF198,Quality defect
CDEF200,Quality defect
CDEF202,Quality defect
CDEF204,Quality defect
CDEF208,Quality defect
CDEF209,Quality defect
CDEF210,Quality defect
CDEF211,Quality defect
CDEF213,Quality defect
CDEF214,Quality defect
CDEF218,Quality defect
CDEF220,Quality defect
CDEF222,Quality defect
CDEF225,Quality defect
CDEF227,Quality defect
CDEF228,Quality defect
CDEF230,Quality defect
CDEF231,Quality defect
CDEF239,Quality defect
CDEF240,Quality defect
CDEF242,Quality defect
CDEF243,Quality defect
CDEF246,Quality defect
CDEF247,Quality defect
CDEF248,Quality defect
CDEF249,Quality defect
CDEF250,Quality defect
CDEF251,Quality defect
CDEF252,Quality defect
CDEF254,Quality defect
CDEF255,Permit-related issue
CDEF257,Quality defect
CDEF258,Quality defect
CDEF259,Quality defect
CDEF260,Quality defect
CDEF261,Quality defect
CDEF262,Quality defect
CDEF263,Quality defect
CDEF264,Quality defect
CDEF266,Quality defect
CDEF268,Quality defect
CDEF269,Quality defect
CDEF270,Quality defect
CDEF271,Quality defect
CDEF273,Appearance defect
CDEF274,Quality defect
CDEF278,Quality defect
CDEF279,Quality defect
CDEF280,Quality defect
CDEF281,Quality defect
CDEF282,Quality defect
CDEF283,Quality defect
CDEF284,Quality defect
CDEF285,Quality defect
CDEF286,Quality defect
CDEF287,Quality defect
CDEF288,Quality defect
CDEF289,Quality defect
CDEF293,Quality defect
CDEF297,Quality defect
CDEF298,Quality defect
CDEF301,Quality defect
CDEF302,Quality defect
CDEF304,Quality defect
CDEF305,Quality defect
CDEF314,Quality defect
CDEF316,Quality defect
CDEF317,Quality defect
CDEF319,Quality defect
CDEF321,Quality defect
CDEF322,Quality defect
CDEF323,Quality defect
CDEF324,Quality defect
CDEF326,Permit-related issue
CDEF327,Quality defect
CDEF328,Quality defect
CDEF329,Quality defect
CDEF332,Quality defect
CDEF333,Quality defect
CDEF334,Quality defect
CDEF335,Quality defect
CDEF336,Quality defect
CDEF337,Quality defect
CDEF338,Quality defect
CDEF339,Quality defect
CDEF340,Quality defect
CDEF341,Quality defect
CDEF342,Quality defect
CDEF343,Quality defect
CDEF344,Quality defect
CDEF345,Quality defect
CDEF346,Quality defect
CDEF349,Quality defect
CDEF352,Quality defect
CDEF354,Quality defect
CDEF355,Quality defect
CDEF358,Quality defect
CDEF359,Quality defect
CDEF360,Quality defect
CDEF361,Quality defect
CDEF362,Quality defect
CDEF363,Quality defect
CDEF364,Quality defect
CDEF365,Quality defect
CDEF367,Permit-related issue
CDEF368,Quality defect
CDEF369,Quality defect
CDEF370,Quality defect
CDEF371,Quality defect
CDEF372,Permit-related issue
CDEF374,Quality defect
CDEF375,Quality defect
CDEF376,Quality defect
CDEF377,Quality defect
CDEF379,Quality defect
CDEF380,Permit-related issue
CDEF381,Permit-related issue
CDEF382,Permit-related issue
CDEF383,Quality defect
CDEF384,Quality defect
CDEF385,Quality defect
CDEF386,Quality defect
CDEF387,Quality defect
CDEF389,Quality defect
CDEF390,Quality defect
CDEF391,Quality defect
CDEF392,Quality defect
CDEF393,Quality defect
CDEF394,Quality defect
CDEF395,Quality defect
CDEF396,Quality defect
CDEF397,Quality defect
CDEF399,Permit-related issue
CDEF400,Permit-related issue
CDEF401,Quality defect
CDEF402,Quality defect
CDEF403,Quality defect
CDEF404,Quality defect
CDEF405,Quality defect
CDEF406,Quality defect
CDEF407,Appearance defect
CDEF408,Quality defect
CDEF409,Quality defect
CDEF410,Quality defect
CDEF411,Quality defect
CDEF412,Quality defect
CDEF413,Quality defect
CDEF414,Quality defect
CDEF415,Quality defect
CDEF416,Quality defect
CDEF418,Quality defect
CDEF420,Quality defect
CDEF421,Quality defect
CDEF422,Quality defect
CDEF423,Quality defect
CDEF425,Quality defect
CDEF426,Quality defect
CDEF427,Quality defect
CDEF428,Quality defect
CDEF429,Quality defect
CDEF430,Quality defect
CDEF431,Quality defect
CDEF432,Quality defect
CDEF433,Quality defect
CDEF434,Permit-related issue
CDEF436,Quality defect
CDEF437,Quality defect
CDEF438,Quality defect
CDEF439,Quality defect
CDEF440,Quality defect
CDEF441,Quality defect
CDEF443,Quality defect
CDEF444,Quality defect
CDEF445,Quality defect
CDEF446,Quality defect
CDEF447,Quality defect
CDEF448,Quality defect
CDEF449,Quality defect
CDEF451,Quality defect
CDEF452,Quality defect
CDEF453,Quality defect
CDEF454,Quality defect
CDEF455,Quality defect
CDEF456,Quality defect
CDEF457,Quality defect
CDEF458,Quality defect
CDEF459,Quality defect
CDEF460,Quality defect
CDEF461,Quality defect
CDEF462,Quality defect
CDEF463,Quality defect
CDEF464,Quality defect
CDEF465,Quality defect
CDEF466,Quality defect
CDEF467,Quality defect
CDEF468,Quality defect
CDEF471,Quality defect
CDEF475,Quality defect
CDEF476,Quality defect
CDEF477,Quality defect
CDEF478,Quality defect
CDEF481,Quality defect
CDEF482,Quality defect
CDEF483,Quality defect
CDEF484,Quality defect
CDEF485,Quality defect
CDEF486,Quality defect
CDEF487,Quality defect
CDEF488,Quality defect
CDEF489,Permit-related issue
CDEF490,Quality defect
CDEF492,Permit-related issue
CDEF493,Quality defect
CDEF494,Quality defect
CDEF495,Permit-related issue
CDEF496,Quality defect
CDEF497,Quality defect
CDEF498,Quality defect
CDEF499,Permit-related issue
CDEF500,Quality defect
CDEF502,Permit-related issue
CDEF503,Quality defect
CDEF504,Quality defect
CDEF505,Quality defect
CDEF506,Quality defect
CDEF507,Quality defect
CDEF508,Quality defect
CDEF509,Quality defect
CDEF510,Quality defect
CDEF511,Quality defect
CDEF512,Quality defect
CDEF513,Quality defect
CDEF514,Quality defect
CDEF515,Quality defect
CDEF516,Quality defect
CDEF517,Quality defect
CDEF518,Quality defect
CDEF519,Quality defect
CDEF520,Quality defect
CDEF521,Quality defect
CDEF522,Quality defect
CDEF523,Quality defect
CDEF526,Quality defect
CDEF527,Permit-related issue
CDEF528,Quality defect
CDEF529,Quality defect
CDEF531,Permit-related issue
CDEF533,Quality defect
CDEF534,Permit-related issue
CDEF535,Quality defect
CDEF536,Quality defect
CDEF537,Permit-related issue
CDEF538,Permit-related issue
CDEF539,Permit-related issue
CDEF541,Quality defect
CDEF542,Quality defect
CDEF543,Quality defect
CDEF544,Quality defect
CDEF545,Quality defect
CDEF546,Quality defect
CDEF547,Quality defect
CDEF548,Quality defect
CDEF549,Quality defect
CDEF550,Quality defect
CDEF551,Quality defect
CDEF552,Quality defect
CDEF553,Quality defect
CDEF554,Quality defect
CDEF555,Permit-related issue
CDEF557,Quality defect
CDEF558,Permit-related issue
CDEF559,Quality defect
CDEF560,Quality defect
CDEF561,Quality defect
CDEF564,Quality defect
CDEF565,Quality defect
CDEF566,Quality defect
CDEF567,Quality defect
CDEF569,Quality defect
CDEF570,Quality defect
CDEF571,Permit-related issue
CDEF572,Quality defect
CDEF573,Quality defect
CDEF574,Quality defect
CDEF575,Quality defect
CDEF577,Quality defect
CDEF578,Quality defect
CDEF580,Quality defect
CDEF581,Quality defect
CDEF582,Permit-related issue
CDEF584,Quality defect
CDEF585,Quality defect
CDEF588,Quality defect
CDEF591,Permit-related issue
CDEF592,Quality defect
CDEF593,Quality defect
CDEF596,Quality defect
CDEF597,Quality defect
CDEF598,Quality defect
CDEF599,Quality defect
CDEF600,Quality defect
CDEF601,Permit-related issue
CDEF603,Quality defect
CDEF604,Quality defect
CDEF605,Quality defect
CDEF606,Quality defect
CDEF607,Quality defect
CDEF610,Quality defect
CDEF612,Quality defect
CDEF613,Quality defect
CDEF614,Quality defect
CDEF615,Quality defect
CDEF617,Permit-related issue
CDEF618,Permit-related issue
CDEF619,Quality defect
CDEF620,Quality defect
CDEF621,Quality defect
CDEF622,Quality defect
CDEF623,Quality defect
CDEF625,Quality defect
CDEF627,Quality defect
CDEF628,Quality defect
CDEF629,Quality defect
CDEF630,Quality defect
CDEF631,Quality defect
CDEF632,Quality defect
CDEF633,Quality defect
CDEF634,Quality defect
CDEF635,Quality defect
CDEF636,Quality defect
CDEF637,Quality defect
CDEF639,Quality defect
CDEF640,Quality defect
CDEF641,Quality defect
CDEF642,Quality defect
CDEF643,Quality defect
CDEF644,Quality defect
CDEF645,Permit-related issue
CDEF646,Quality defect
CDEF647,Quality defect
CDEF648,Quality defect
CDEF649,Quality defect
CDEF650,Quality defect
CDEF651,Quality defect
CDEF652,Quality defect
CDEF653,Quality defect
CDEF654,Quality defect
CDEF655,Quality defect
CDEF656,Quality defect
CDEF657,Quality defect
CDEF658,Quality defect
CDEF659,Quality defect
CDEF660,Quality defect
CDEF661,Quality defect
CDEF662,Quality defect
CDEF663,Quality defect
CDEF664,Permit-related issue
CDEF665,Permit-related issue
CDEF666,Quality defect
CDEF667,Permit-related issue
CDEF668,Permit-related issue
CDEF670,Quality defect
CDEF671,Quality defect
CDEF672,Quality defect
CDEF673,Quality defect
CDEF676,Quality defect
CDEF678,Quality defect
CDEF679,Quality defect
CDEF680,Quality defect
CDEF681,Quality defect
CDEF682,Quality defect
CDEF683,Quality defect
CDEF684,Quality defect
CDEF685,Quality defect
CDEF686,Quality defect
CDEF687,Permit-related issue
CDEF688,Quality defect
CDEF689,Quality defect
CDEF690,Quality defect
CDEF691,Quality defect
CDEF692,Quality defect
CDEF693,Quality defect
CDEF694,Quality defect
CDEF695,Permit-related issue
CDEF696,Permit-related issue
CDEF697,Permit-related issue
CDEF699,Permit-related issue
CDEF700,Permit-related issue
CDEF701,Permit-related issue
CDEF702,Quality defect
CDEF706,Quality defect
CDEF707,Quality defect
CDEF708,Quality defect
CDEF709,Quality defect
CDEF710,Quality defect
CDEF711,Quality defect
CDEF712,Quality defect
CDEF713,Quality defect
CDEF714,Quality defect
CDEF715,Quality defect
CDEF716,Quality defect
CDEF717,Permit-related issue
CDEF718,Quality defect
CDEF719,Quality defect
CDEF720,Quality defect
CDEF724,Quality defect
CDEF725,Quality defect
CDEF726,Permit-related issue
CDEF727,Permit-related issue
CDEF729,Quality defect
CDEF730,Quality defect
CDEF731,Quality defect
CDEF732,Quality defect
CDEF733,Quality defect
CDEF735,Quality defect
CDEF736,Quality defect
CDEF737,Quality defect
CDEF738,Quality defect
CDEF739,Quality defect
CDEF740,Quality defect
CDEF741,Quality defect
CDEF742,Quality defect
CDEF743,Appearance defect
CDEF744,Quality defect
CDEF745,Appearance defect
CDEF746,Quality defect
CDEF748,Quality defect
CDEF749,Quality defect
CDEF750,Quality defect
CDEF751,Permit-related issue
CDEF752,Quality defect
CDEF753,Permit-related issue
CDEF754,Quality defect
CDEF756,Quality defect
CDEF757,Permit-related issue
CDEF758,Permit-related issue
CDEF759,Permit-related issue
CDEF761,Quality defect
CDEF762,Permit-related issue
CDEF763,Permit-related issue
CDEF764,Permit-related issue
CDEF765,Quality defect
CDEF766,Quality defect
CDEF767,Permit-related issue
CDEF768,Quality defect
CDEF769,Permit-related issue
CDEF770,Permit-related issue
CDEF771,Permit-related issue
CDEF773,Permit-related issue
CDEF774,Permit-related issue
CDEF775,Quality defect
CDEF776,Permit-related issue
CDEF777,Permit-related issue
CDEF778,Permit-related issue
CDEF779,Quality defect
CDEF780,Permit-related issue
CDEF781,Quality defect
CDEF782,Quality defect
CDEF783,Quality defect
CDEF784,Quality defect
CDEF785,Quality defect
CDEF786,Permit-related issue
CDEF787,Permit-related issue
CDEF789,Quality defect
CDEF790,Quality defect
CDEF791,Quality defect
CDEF792,Quality defect
CDEF793,Permit-related issue
CDEF794,Permit-related issue
CDEF795,Permit-related issue
CDEF796,Quality defect
CDEF797,Quality defect
CDEF798,Quality defect
CDEF799,Quality defect
CDEF801,Quality defect
CDEF802,Quality defect
CDEF803,Quality defect
CDEF804,Quality defect
CDEF805,Quality defect
CDEF806,Quality defect
CDEF807,Quality defect
CDEF808,Quality defect
CDEF809,Quality defect
CDEF810,Quality defect
CDEF811,Quality defect
CDEF812,Quality defect
CDEF813,Quality defect
CDEF814,Quality defect
CDEF815,Quality defect
CDEF816,Quality defect
CDEF823,Permit-related issue
CDEF824,Quality defect
CDEF825,Quality defect
CDEF826,Permit-related issue
CDEF827,Quality defect
CDEF828,Quality defect
CDEF829,Quality defect
CDEF830,Quality defect
CDEF831,Quality defect
CDEF832,Quality defect
CDEF833,Quality defect
CDEF834,Quality defect
CDEF836,Quality defect
CDEF837,Quality defect
CDEF838,Quality defect
CDEF839,Quality defect
CDEF840,Quality defect
CDEF841,Quality defect
CDEF842,Permit-related issue
CDEF843,Quality defect
CDEF844,Permit-related issue
CDEF845,Permit-related issue
CDEF846,Quality defect
CDEF847,Permit-related issue
CDEF848,Quality defect
CDEF849,Permit-related issue
CDEF850,Quality defect
CDEF851,Quality defect
CDEF852,Quality defect
CDEF853,Quality defect
CDEF854,Appearance defect
CDEF855,Quality defect
CDEF856,Quality defect
CDEF857,Quality defect
CDEF858,Quality defect
CDEF859,Permit-related issue
CDEF860,Permit-related issue
CDEF862,Permit-related issue
CDEF863,Permit-related issue
CDEF866,Permit-related issue
CDEF867,Quality defect
CDEF868,Quality defect
CDEF869,Quality defect
CDEF870,Quality defect
CDEF871,Quality defect
CDEF872,Appearance defect
CDEF873,Quality defect
CDEF874,Quality defect
CDEF875,Permit-related issue
CDEF876,Permit-related issue
CDEF877,Permit-related issue
CDEF878,Permit-related issue
CDEF879,Permit-related issue
CDEF881,Quality defect
CDEF882,Quality defect
CDEF883,Quality defect
CDEF884,Permit-related issue
CDEF885,Permit-related issue
CDEF887,Quality defect
CDEF888,Quality defect
CDEF889,Quality defect
CDEF890,Quality defect
CDEF891,Quality defect
CDEF892,Quality defect
CDEF893,Quality defect
CDEF894,Quality defect
CDEF895,Quality defect
CDEF896,Quality defect
CDEF897,Quality defect
CDEF898,Quality defect
CDEF899,Quality defect
CDEF900,Quality defect
CDEF901,Permit-related issue
CDEF902,Permit-related issue
CDEF903,Quality defect
CDEF904,Quality defect
CDEF905,Quality defect
CDEF907,Quality defect
CDEF910,Quality defect
CDEF913,Quality defect
CDEF914,Quality defect
CDEF915,Quality defect
CDEF917,Quality defect
CDEF919,Quality defect
CDEF920,Permit-related issue
CDEF921,Quality defect
CDEF923,Permit-related issue
CDEF925,Quality defect
CDEF926,Quality defect
CDEF927,Quality defect
CDEF928,Quality defect
CDEF929,Quality defect
CDEF930,Quality defect
CDEF931,Permit-related issue
CDEF932,Permit-related issue
CDEF933,Quality defect
CDEF934,Quality defect
CDEF935,Quality defect
CDEF936,Quality defect
CDEF937,Quality defect
CDEF938,Quality defect
CDEF939,Quality defect
CDEF940,Quality defect
CDEF941,Permit-related issue
CDEF942,Quality defect
CDEF943,Quality defect
CDEF944,Quality defect
CDEF945,Quality defect
CDEF946,Appearance defect
CDEF947,Appearance defect
CDEF948,Quality defect
CDEF949,Permit-related issue
CDEF950,Quality defect
CDEF951,Quality defect
CDEF952,Quality defect
CDEF953,Quality defect
CDEF954,Quality defect
CDEF955,Appearance defect
CDEF956,Quality defect
CDEF957,Quality defect
CDEF958,Quality defect
CDEF961,Permit-related issue
CDEF962,Permit-related issue
CDEF963,Quality defect
CDEF964,Quality defect
CDEF965,Quality defect
CDEF966,Quality defect
CDEF967,Quality defect
CDEF969,Permit-related issue
CDEF970,Quality defect
CDEF972,Quality defect
CDEF973,Quality defect
CDEF974,Quality defect
CDEF975,Quality defect
CDEF976,Quality defect
CDEF977,Quality defect
CDEF978,Quality defect
CDEF979,Permit-related issue
CDEF980,Permit-related issue
CDEF981,Permit-related issue
CDEF982,Permit-related issue
CDEF983,Quality defect
CDEF984,Permit-related issue
CDEF985,Permit-related issue
CDEF986,Permit-related issue
CDEF987,Permit-related issue
CDEF988,Quality defect
CDEF989,Permit-related issue
CDEF990,Permit-related issue
CDEF991,Permit-related issue
CDEF992,Permit-related issue
CDEF993,Quality defect
CDEF994,Quality defect
CDEF995,Quality defect
CDEF996,Quality defect
CDEF997,Quality defect
CDEF998,Quality defect
CDEF999,Quality defect
CDEF1000,Quality defect
CDEF1001,Quality defect
CDEF1005,Quality defect
CDEF1006,Quality defect
CDEF1007,Quality defect
CDEF1009,Quality defect
CDEF1011,Quality defect
CDEF1014,Quality defect
CDEF1015,Quality defect
CDEF1016,Quality defect
CDEF1017,Quality defect
CDEF1018,Permit-related issue
CDEF1019,Permit-related issue
CDEF1021,Quality defect
CDEF1022,Quality defect
CDEF1023,Quality defect
CDEF1024,Quality defect
CDEF1026,Quality defect
CDEF1027,Quality defect
CDEF1028,Quality defect
CDEF1029,Quality defect
CDEF1030,Quality defect
CDEF1031,Quality defect
CDEF1032,Quality defect
CDEF1033,Permit-related issue
CDEF1034,Permit-related issue
CDEF1035,Permit-related issue
CDEF1038,Permit-related issue
CDEF1039,Permit-related issue
CDEF1040,Permit-related issue
CDEF1041,Quality defect
CDEF1042,Permit-related issue
CDEF1043,Permit-related issue
CDEF1044,Permit-related issue
CDEF1045,Quality defect
CDEF1046,Quality defect
CDEF1047,Quality defect
CDEF1048,Quality defect
CDEF1049,Quality defect
CDEF1050,Quality defect
CDEF1051,Quality defect
CDEF1052,Quality defect
CDEF1053,Permit-related issue
CDEF1054,Quality defect
CDEF1055,Quality defect
CDEF1056,Quality defect
CDEF1057,Quality defect
CDEF1058,Permit-related issue
CDEF1059,Quality defect
CDEF1060,Quality defect
CDEF1061,Quality defect
CDEF1062,Quality defect
CDEF1063,Quality defect
CDEF1064,Quality defect
CDEF1065,Quality defect
CDEF1066,Permit-related issue
CDEF1067,Permit-related issue
CDEF1068,Quality defect
CDEF1069,Permit-related issue
CDEF1070,Quality defect
CDEF1071,Quality defect
CDEF1072,Quality defect
CDEF1073,Quality defect
CDEF1074,Quality defect
CDEF1075,Quality defect
CDEF1076,Quality defect
CDEF1077,Quality defect
CDEF1078,Quality defect
CDEF1079,Quality defect
CDEF1080,Quality defect
CDEF1083,Quality defect
CDEF1084,Quality defect
CDEF1085,Quality defect
CDEF1086,Quality defect
CDEF1087,Quality defect
CDEF1088,Quality defect
CDEF1089,Quality defect
CDEF1090,Quality defect
CDEF1091,Quality defect
CDEF1093,Appearance defect
CDEF1094,Quality defect
CDEF1095,Quality defect
CDEF1096,Quality defect
CDEF1097,Quality defect
CDEF1098,Quality defect
CDEF1099,Quality defect
CDEF1100,Quality defect
CDEF1101,Quality defect
CDEF1102,Quality defect
CDEF1103,Quality defect
CDEF1104,Quality defect
CDEF1105,Quality defect
CDEF1106,Quality defect
CDEF1107,Quality defect
CDEF1108,Quality defect
CDEF1109,Permit-related issue
CDEF1110,Permit-related issue
CDEF1111,Permit-related issue
CDEF1112,Permit-related issue
CDEF1113,Permit-related issue
CDEF1114,Permit-related issue
CDEF1115,Permit-related issue
CDEF1116,Permit-related issue
CDEF1117,Permit-related issue
CDEF1118,Quality defect
CDEF1120,Quality defect
CDEF1121,Quality defect
CDEF1122,Quality defect
CDEF1123,Quality defect
CDEF1124,Quality defect
CDEF1125,Quality defect
CDEF1126,Quality defect
CDEF1127,Quality defect
CDEF1128,Quality defect
CDEF1129,Quality defect
CDEF1130,Quality defect
CDEF1131,Quality defect
CDEF1132,Quality defect
CDEF1134,Permit-related issue
CDEF1135,Quality defect
CDEF1136,Appearance defect
CDEF1137,Appearance defect
CDEF1140,Quality defect
CDEF1141,Quality defect
CDEF1142,Quality defect
CDEF1143,Quality defect
CDEF1144,Quality defect
CDEF1145,Quality defect
CDEF1147,Quality defect
CDEF1148,Permit-related issue
CDEF1149,Quality defect
CDEF1150,Quality defect
CDEF1151,Quality defect
CDEF1152,Quality defect
CDEF1153,Quality defect
CDEF1154,Quality defect
CDEF1155,Quality defect
CDEF1156,Quality defect
CDEF1157,Quality defect
CDEF1158,Quality defect
CDEF1159,Quality defect
CDEF1160,Quality defect
CDEF1161,Quality defect
CDEF1162,Quality defect
CDEF1163,Quality defect
CDEF1164,Permit-related issue
CDEF1165,Permit-related issue
CDEF1166,Permit-related issue
CDEF1167,Permit-related issue
CDEF1168,Quality defect
CDEF1169,Quality defect
CDEF1170,Quality defect
CDEF1171,Quality defect
CDEF1172,Permit-related issue
CDEF1173,Permit-related issue
CDEF1174,Permit-related issue
CDEF1175,Permit-related issue
CDEF1176,Quality defect
CDEF1177,Quality defect
CDEF1178,Quality defect
CDEF1179,Quality defect
CDEF1180,Quality defect
CDEF1181,Quality defect
CDEF1182,Quality defect
CDEF1183,Quality defect
CDEF1184,Quality defect
CDEF1185,Quality defect
CDEF1186,Quality defect
CDEF1187,Quality defect
CDEF1188,Permit-related issue
CDEF1189,Quality defect
CDEF1190,Quality defect
CDEF1191,Quality defect
CDEF1192,Quality defect
CDEF1193,Quality defect
CDEF1194,Quality defect
CDEF1195,Quality defect
CDEF1196,Quality defect
CDEF1197,Quality defect
CDEF1198,Quality defect
CDEF1199,Quality defect
CDEF1200,Quality defect
CDEF1201,Quality defect
CDEF1202,Quality defect
CDEF1203,Permit-related issue
CDEF1204,Permit-related issue
CDEF1205,Permit-related issue
CDEF1206,Permit-related issue
CDEF1207,Quality defect
CDEF1208,Permit-related issue
CDEF1209,Permit-related issue
CDEF1210,Permit-related issue
CDEF1211,Permit-related issue
CDEF1212,Permit-related issue
CDEF1213,Permit-related issue
CDEF1214,Permit-related issue
CDEF1215,Quality defect
CDEF1216,Quality defect
CDEF1217,Quality defect
CDEF1218,Quality defect
CDEF1219,Quality defect
CDEF1220,Quality defect
CDEF1221,Quality defect
CDEF1222,Quality defect
CDEF1223,Quality defect
CDEF1224,Quality defect
CDEF1225,Appearance defect
CDEF1226,Quality defect
CDEF1227,Quality defect
CDEF1228,Quality defect
CDEF1229,Quality defect
CDEF1230,Quality defect
CDEF1231,Quality defect
CDEF1232,Permit-related issue
CDEF1233,Permit-related issue
CDEF1234,Quality defect
CDEF1235,Quality defect
CDEF1236,Quality defect
CDEF1237,Quality defect
CDEF1238,Quality defect
CDEF1239,Quality defect
CDEF1240,Quality defect
CDEF1241,Quality defect
CDEF1242,Quality defect
CDEF1243,Quality defect
CDEF1244,Quality defect
CDEF1245,Quality defect
CDEF1246,Quality defect
CDEF1247,Quality defect
CDEF1248,Permit-related issue
CDEF1249,Quality defect
CDEF1250,Permit-related issue
CDEF1251,Permit-related issue
CDEF1252,Permit-related issue
CDEF1253,Permit-related issue
CDEF1254,Permit-related issue
CDEF1255,Quality defect
CDEF1256,Quality defect
CDEF1257,Quality defect
CDEF1258,Permit-related issue
CDEF1259,Permit-related issue
CDEF1260,Quality defect
CDEF1261,Permit-related issue
CDEF1262,Quality defect
CDEF1263,Permit-related issue
CDEF1264,Permit-related issue
CDEF1265,Permit-related issue
CDEF1266,Permit-related issue
CDEF1267,Permit-related issue
CDEF1268,Quality defect
CDEF1269,Quality defect
CDEF1270,Quality defect
CDEF1271,Quality defect
CDEF1272,Quality defect
CDEF1273,Quality defect
CDEF1274,Permit-related issue
CDEF1275,Permit-related issue
CDEF1276,Permit-related issue
CDEF1277,Quality defect
